Tiêu đề,Đường dẫn,Mô tả,Địa chỉ,Điện thoại,Email
Top 10 công ty thiết kế nội thất uy tín ở Bình Dương chuyên nghiệp ...,www.lanha.vn,"Jul 25, 2023 ... Tổng hợp các công ty thiết kế nội thất tại Bình Dương uy tín, chuyên nghiệp: Là Nhà, 3A Home, On Home Asia,... Xem ngay để lựa chọn đơn vị ...",,'0941446571,lanhainfo@gmail.com
công ty nội thất ở tại bình dương,www.yellowpages.vn,"Bình Dương Supplier chuyên cung cấp dịch vụ Thiết kế, sản xuất và lắp đặt đồ nội thất phục vụ cho nhà máy, nhà xưởng, trường học, bệnh viện tại Bình Dương. Cam ...",,'0934498168,
Nội Thất ở bình dương - danh sách các công ty Nội Thất ở bình dương,trangvangvietnam.com,"VPGD TP.HCM: Lầu 4, Bách Việt Building, 65 Trần Quốc Hoàn, P. 4, Q. Tân Bình, TP. Hồ Chí Minh. ĐKKD-MST số: 0104478506 - Do: Sở Kế Hoạch & Đầu Tư Hà Nội cấp.",,'0934498168,contact@trangvangvietnam.com
"Cháy lớn tại công ty nội thất ở Bình Dương, nhiều tài sản bị thiêu rụi",congan.com.vn,"Dec 3, 2024 ... (CAO) Ngày 3-12, Công an TP Thủ Dầu Một, tỉnh Bình Dương đang điều tra nguyên nhân vụ hoả hoạn thiêu rụi hàng trăm mét vuông nhà xưởng của một ...","Địa chỉ Toà soạn: 110 Nguyễn Du, phường Bến Thành, quận 1, TPHCM",'0926110110,baocongantphcm@congan.com.vn
sản xuất đồ nội thất ở tại bình dương,trangvangvietnam.com,CÔNG TY TNHH NộI THấT HOÀNG ANH. CÔNG TY TNHH NộI THấT XÂY DựNG MYHOME ; CÔNG TY Cổ PHầN SảN XUấT VÁN SÀN HOÀNG PHÚC. CÔNG TY TNHH MTV KIM XươNG HUY-PHU KIEN GO.,,'0934498168,contact@trangvangvietnam.com
Cháy lớn công ty nội thất ở Bình Dương - Báo VnExpress,vnexpress.net,"Nov 23, 2024 ... Lửa bùng lên tại khu vực sản xuất công ty nội thất ở TP Bến Cát rồi nhanh chóng cháy lan nhà xưởng rộng chừng 1.000 m2, sáng 23/11.",,'1547540628,
[Top 10+] Công ty thiết kế nội thất Bình Dương uy tín hàng đầu,sbshouse.vn,1.1. Công ty thiết kế thi công nội thất Bình Dương – SBS HOUSE · 1.2. Công ty tư vấn thiết kế nội thất ở Bình Dương On Home Asia · 1.3. Công ty nội thất Kim Trọng ...,,'0972910046,
Lửa bao trùm công ty nội thất ở Bình Dương sau tiếng nổ lớn | Báo ...,tienphong.vn,"May 9, 2022 ... Sau tiếng nổ lớn, khói lửa bốc lên ngùn ngụt tại một công ty sản xuất nội thất ở Bình Dương. Lực lượng chức năng địa phương đang nỗ lực ...",,'0909559988,booking@baotienphong.com.vn
"Top 10 Showroom Nội Thất Bình Dương Uy Tín, Giá Rẻ",sofadepgiare.vn,"Jul 13, 2023 ... T&T Interior Design tự hào là đơn vị nhượng quyền thương hiệu CABINET Pro của Công Ty Cổ phần Gỗ An Cường. T&T Interior Design hiện tại là đơn ...",,'0911717178,
15+ Cửa hàng nội thất Bình Dương Uy tín và giá tốt nhất,noithattana.net,"Feb 9, 2023 ... Được khách hàng biết đến là công ty bán nội thất gia đình, văn phòng uy tín, tin cậy tại Bình Dương. Quốc Khánh có một phòng trưng bày rộng ...","là thương hiệu chuyên về các sản phẩm nội thất cho gia đình và văn phòng. Dẫn đầu xu hướng với phong cách đa dạng và nhiều phân khúc giá thành, Tân Á thuộc top những địa chỉ đáng để tìm đến khi muốn mua sắm nội thất.",'0938868384,
Top 7 Xưởng Sản Xuất Nội Thất Bình Dương | Q-Furniture,q-furniture.com,"tại tỉnh Bình Dương. Nội thất Cường Thịnh thực hiện thi công nội thất từ gỗ công nghiệp MDF lõi xanh phủ Melamine, Veneer, Laminate, Acrylic hoặc từ gỗ tự nhiên ...",Please enter a valid email address.,'908759399,info@q-furniture.com
"Thiết Kế, Thi Công Nội Thất Chuyên Nghiệp Tại Bình Dương",decoviet.vn,"Nếu như bạn đang trăn trở về việc làm thế nào để nội thất trong không gian vừa sang trọng, vừa thẩm mỹ thì hãy để DecoViet giúp bạn giải quyết điều đó. Công ty ...",Địa chỉ,'0932649279,decoviet123@gmail.com
Lí do hàng trăm công nhân công ty sản xuất nội thất gỗ ở Bình ...,vov.vn,"Jul 21, 2024 ... Tân Uyên, tỉnh Bình Dương đã có báo cáo việc hàng trăm công nhân Công ty TNHH Hong Fu Việt Nam ngưng việc trong video lan truyền mạng xã hội. Sự ...",,'024221051,baodientuvov@vov.vn
On Home Asia | Công Ty Tư Vấn Thiết Kế - Thi Công Nội Thất,onhome.asia,"On Home Asia - Thiết Kế Thi Công Nội Thất Bình Dương. F114-F115, Block F, đường số 10, KDC Hiệp Thành 3, P. Hiệp Thành, TP.TDM, Bình Dương​.","Địa chỉ: F114-F115, Block F, đường số 10, KDC Hiệp Thành 3, P. Hiệp Thành, TPTDM, Bình Dương",'0937767337,oha@onhome.asia
Hòa Phát Bình Dương: #1 Nội Thất Văn Phòng Bình Dương,noithathoaphatbinhduong.net,"Nội Thất Thuận Phát - Chuyên phân phối nội thất văn phòng tại Bình Dương, là công ty nội thất Bình Dương chính hãng · Giá tốt · Đổi trả 1-1 · Chiết khấu ...",Tên tài khoản hoặc địa chỉ email,'0986884229,
"Cháy lớn tại công ty sản xuất nội thất gỗ ở Bình Dương, nhiều tài ...",vov.vn,"Nov 23, 2024 ... VOV.VN - Chiều 23/11, lực lượng chữa cháy tỉnh Bình Dương đã dập tắt hoàn toàn đám cháy xảy ra tại công ty sản xuất nội thất gỗ ở phường An ...",,'024221051,baodientuvov@vov.vn
Nội Thất Bình Dương | Hương Mộc Furniture | Huong Moc Furniture,huongmoc.com,SIÊU TIẾT KIỆM VỚI GIÁ BÁN TẠI KHO · 0. Tìm ... Công Ty TNHH Hương Mộc MST/ĐKKD/QĐTL: 3700853601 do sở Kế Hoạch & Đầu Tư ...,,,
"Cháy công ty nội thất ở Bình Dương, công nhân hỗ trợ dập lửa | Báo ...",dantri.com.vn,"Jan 20, 2025 ... (Dân trí) - Công ty sản xuất, gia công nội thất tại TP Thuận An (Bình Dương) cháy lớn lúc công nhân đang nghỉ ngơi, ăn cơm trưa.",Ghi địa chỉ trên hóa đơn điện tử theo địa bàn hành chính 2 cấp ra sao?,'0243736649,info@dantri.com.vn
Hỏa hoạn tại xưởng sản xuất đồ trang trí nội thất ở Bình Dương ...,nhandan.vn,"Mar 1, 2022 ... Hiện trường vụ cháy. Trước đó, vào lúc 1 giờ 35 phút ngày 1/3, tại nhà xưởng cho thuê của Công ty cổ ...",,'2438254231,nhandandientu@nhandan.vn
Thiết kế thi công nội thất gỗ uy tín tại Bình Dương – Tủ bếp gỗ giá rẻ ...,tubepthongminhgiare.com,– Bảo hành dịch vụ lâu dài cũng là một điểm cộng lớn giúp khách hàng biết đến NewHome nhiều hơn. Thông tin liên hệ: CÔNG TY TNHH Vĩnh Trường An. Điện thoại : ...,Chúc mừng bạn đã tìm đúng địa chỉ,'0906386068,vinhtruongan.info@gmail.com
Top 38 khu công nghiệp Bình Dương (KCN Bình Dương 2025),www.minhhungsikico.vn,"Jan 28, 2022 ... Hiện tại, tỷ lệ lấp đầy của KCN VSIP II-A cũng đạt 100%. Thông tin chung: CĐT: Công ty Liên Doanh TNHH Khu Công Nghiệp Việt Nam Singapore; Vị ...",Địa chỉ,'0981555777,sales@sikico.com
10 địa chỉ nổi tiếng về thiết kế nội thất ở Thủ Dầu Một Bình Dương,huythanhhome.com,Công ty TNHH Kiến trúc - Nội thất A Decor. A Decor là một công ty chuyên thiết kế và thi công nội thất và kiến trúc xây dựng. Với đội ngũ thiết ...,,'0937878123,huythanhhome8368@gmail.com
học nghề trang trí nội thất ở Bình Dương| 3DKID,www.dohoa3dkid.vn,"Apr 16, 2025 ... - Cơ hội việc làm rộng mở: Nhu cầu về thiết kế nội thất ngày càng tăng, tạo ra nhiều cơ hội việc làm hấp dẫn tại các công ty thiết kế, kiến trúc ...","Bí Mật Top 10 Trung Tâm Dạy AutoCAD TPHCM: Ai Sẽ Giúp Bạn ""Thạo Việc"" Nhanh Nhất?
Bạn đang tìm kiếm một địa chỉ học AutoCAD chất lượng hàng đầu tại...",'0983098441,3dkidgraphic@gmail.com
Thực trạng giảm thính lực nghề nghiệp ở người lao động tại một ...,vjpm.vn,"Oct 24, 2023 ... Nghiên cứu cắt ngang được tiến hành trên 128 người lao động tham gia vào dây chuyền sản xuất tại công ty đồ gỗ nội thất tỉnh Bình Dương bằng ...","Địa chỉ: số 1 - phố Yecxanh, phường Phạm Đình Hổ, quận Hai Bà Trưng, Thành phố Hà Nội",'0243972393,tapchiyhdp@vjpm.vn
Top 9 Công ty thiết kế nội thất uy tín ở Bình Dương - toplist.vn,toplist.vn,"Top 9 Công ty thiết kế nội thất uy tín ở Bình Dương · On Home Asia · Thiết Kế, Thi Công Nội Thất - Phan Hoàng Gia · Nội thất Sunwood · Công Ty Thiết Kế Nội Thất ...",Địa chỉ cháo cá lóc Sài Gòn ngon khó cưỡng,'202559583,
"Thi Công Nội Thất Chung Cư Ở Bình Dương Trọn Gói, Uy Tín 2025",noithatanmoc.vn,"Feb 28, 2025 ... Website: https://noithatanmoc.vn/; Fanpage: @ThietkethicongnoithatAnMoc. Công ty thiết kế nội thất chuyên nghiệp 3A Home.",,'0889376379,noithatanmoc.june@gmail.com
#1 Eurogolden | Thiết kế thi công nội thất hàng đầu Bình Dương,www.eurogolden.vn,"Công ty Eurogolden là đơn vị thiết kế thi công nội thất trọn gói hàng đầu tại Bình Dương. Chúng tôi có đầy đủ xưởng sản xuất, thiết kế 3D, 2D, ...",Tên tài khoản hoặc địa chỉ email,'0977717595,sale.eurogolden@gmail.com
"Xưởng thiết kế và thi công nội thất ở Bình dương trọn gói, giá tốt ...",noithatcombo.com.vn,"Dec 6, 2024 ... Nội thất Combo xin giới thiệu các gói dịch vụ thiết kế và thi công nội thất ở Bình Dương trọn gói, chuyên nghiệp từ ý tưởng đến hoàn thiện.",,'135900000,cskh.noithatcombo@gmail.com
BÌNH DƯƠNG: CHÁY LỚN Ở CÔNG TY SẢN XUẤT NỘI THẤT ...,www.facebook.com,"Dec 2, 2024 ... Hội nghị được tổ chức tại 4 điểm cầu: Hội trường chính tại CATP, Hội trường CATP - cơ sở 1 (681 Cách Mạng Tháng Tám, P.Thủ Dầu Một), Hội trường ...",,'7526789879,
Phan Hoàng Gia | Công Ty Nội Thất Hàng Đầu Bình Dương,phanhoanggia.com,Phan Hoàng Gia là thương hiệu mang trong mình sứ mệnh kiến tạo tổ ấm cho người Việt. Mang đến những giải pháp hoàn thiện cho tổ ấm của khách hàng.,Địa chỉ VP,'0933426399,phg@phanhoanggia.com
"Top 5 công ty thiết kế nội thất Bình Dương uy tín, chuyên nghiệp",noithatav.com,"On Home Asia, chuyên về thiết kế và thi công nội thất uy tín tại Bình Dương, với kinh nghiệm nhiều năm, cam kết mang lại trải nghiệm dịch vụ tốt nhất cho khách ...",,'0764115111,noithatavvietnam@gmail.com
"Gia Công Mài Kính,Cắt Kính Nội Thất Ở Bình Dương",nhomkinhvinhhoa.com,"Đơn vị gia công cắt, mài kính tại Bình Dương. Nắm bắt được cơ hội NHÔM KÍNH VINH HOA với kinh nghiệm ngành nội thất nhôm kính chúng tôi chuyên gia công cắt , ...","Cửa nhôm Xingfa là một trong những sản phẩm chất lượng cao được nhiều khách hàng tin dùng và ưa chuộng. Nếu Quý khách hàng đang tìm kiếm địa chỉ cung cấp cửa nhôm Xingfa tại Bình Phước, dưới đây là một vài thông tin cần biết",'0907639807,cuavinhhoa@gmail.com
Danh sách 48 công ty tại khu công nghiệp VSIP 1 - Bình Dương,hailongjsc.vn,"Jun 11, 2024 ... CTY TNHH CASARREDO. Ngành nghề: NỘI THẤT – VẬT TƯ THIẾT KẾ & TRANG TRÍ; Địa chỉ: 32 ĐL TỰ DO KCN VSIP, X.BÌNH HÒA, H.THUẬN AN, BÌNH DƯƠNG; Điện ...",,'0846625888,info@hailongjsc.vn
công ty đồ gỗ nội thất ở bình dương,nhadepangia.com.vn,Rất hân hạnh được đồng hành cùng bạn! CÔNG TY TNHH – MTV TRANG TRÍ NỘI THẤT AN GIA. Zalo: 0946 754 482 - Hotline: 0935 ...,"Quý khách đang cần tìm địa chỉ chuyên bán cửa nhựa tại Bến Cát, Bình Dương, thì nội thất An Gia là đơn vị chuyên phân phối tất cả các dòng cửa thông phòng đang thịnh hành trên thị trường trong đó có sản phẩm cửa nhựa",'0946754482,angiaxinh@gmail.com
"Cháy lớn xưởng nội thất ở TPHCM, hàng chục cảnh sát PCCC khẩn ...",laodong.vn,"May 16, 2025 ... Bình Dương - Đến trưa 15.5, Cảnh sát PCCC&CNCH Công an tỉnh Bình Dương đã dập tắt đám cháy tại công ty ở khu công nghiệp Sóng Thần 3. Hiện ...",,'679967340,
3703235522 - CÔNG TY TNHH NỘI THẤT NGÀNH VÁN ZENGCAI ...,masothue.com,"Aug 6, 2024 ... CÔNG TY TNHH NỘI THẤT NGÀNH VÁN ZENGCAI BÌNH DƯƠNG ⭐ tra cứu mã ... Số 41, LK9, khu nhà ở Thái Bình Dương , tổ 5 , khu phố Khánh Hội ...",,'1752467339,
Bình Dương: Cháy lớn tại nhà xưởng của công ty sản xuất nội thất ở ...,www.vietnamplus.vn,"Mar 4, 2024 ... Vụ cháy xảy ra vào khoảng 15 giờ 30 phút tại xưởng sản xuất của Công ty Trách nhiệm hữu hạn Một thành viên Home Fancy Furniture Việt Nam (vốn ...",,'0935958688,tamvna@gmail.com
KHAI TRƯƠNG SHOWROOM NỘI THẤT ĐẲNG CẤP - T&T ...,ancuong.com,"KHAI TRƯƠNG SHOWROOM NỘI THẤT ĐẲNG CẤP - T&T INTERIOR DESIGN TẠI BÌNH DƯƠNG. 2909 - 2023. Ngày 25/9 vừa qua, Công ty Gỗ An Cường phối hợp cùng Công ty TNHH ...",,'02838625726,
Minh Duong Furniture,minhduongf.com,"... tại Việt Nam trong lĩnh vực xuất khẩu hàng nội thất. Với trụ sở chính và bộ máy quản lý chủ chốt đặt tại tỉnh Bình Dương Việt Nam, Minh Dương hiện đang sở ...",,'02743711097,contact@minhduongf.com
Showroom RitaVõ Mega Depot cung cấp nội thất cao cấp Bình Dương,muanhanhvatlieuxaydung.ritavo.com,"Oct 19, 2022 ... ... Dương là mô hình kinh doanh mới của Công ty RitaVõ trong năm 2022. Showroom Mega Depot đầu tiên tại 39/11 Xa lộ Hà Nội, tổ 11, KP. Ngãi ...",Địa Chỉ Showroom,'0302802627,info@ritavo.com
XƯỞNG NHẬN GIA CÔNG ĐAN LÁT NỘI THẤT Ở BÌNH DƯƠNG,giacongbanghe.vn,"Jun 24, 2021 ... Là một đơn vị uy tín trong ngành sản xuất và gia công nội thất thủ công, công ty TNHH Sản xuất Thương mại Skyline sở hữu một đội ngũ công nhân ...",Tên tài khoản hoặc địa chỉ email,'0896408486,skyline.ecom@gmail.com
Nasa Bình Dương: Công ty xây dựng nhà uy tín tại Bình Dương,nasabinhduong.com,"Cty xây dựng uy tín tại Bình Dương. Nasa Bình Dương hoạt động từ 10/2015 (Mã số thuế: 3702402629) luôn lắng nghe, luôn thấu hiểu mong muốn khách hàng để ...",Địa chỉ:,'3702402629,Duynguyenkts2012@gmail.com
Nội thất bmd,noithatbmd.vn,HOÀN THIỆN NỘI THẤT DỰ ÁN NHÀ MÁY CHECKPOINT TẠI KHU CÔNG NGHIỆP VSIP II BÌNH DƯƠNG ... CÔNG TY CỔ PHẦN SX - TM THIẾT KẾ BÌNH MINH. BÌNH MINH ĐẾN MUÔN NƠI ...,Vui lòng nhập địa chỉ email,'0933192918,info@bmdfurniture.com
Cải tạo văn phòng công ty ở Bình Dương | Nội Thất Boodecor,boodecor.vn,"BOO Décor xin giới thiệu phương án thiết kế cải tạo văn phòng công ty ở Bình Dương.- Thiết kế nội thất văn phòng giám đốc hiện đại, sang trọng không chỉ ...",Địa chỉ:,'1004345000,boodecors@gmail.com
CHANH NGHIA GROUP | Công Ty Xây Dựng Tại Bình Dương ...,chanhnghia.com.vn,"CHÁNH NGHĨA GROUP là công ty chuyên thiết kế thi công xây dựng các công trình nhà phố, biệt thự, trường học, khách sạn, nhà cao tầng. Chúng tôi cung.",Địa chỉ:,'3702194418,info@chanhnghia.com
Bình Dương Supplier,www.binhduongsupplier.vn,"... công nghiệp cho các nhà máy, xí nghiệp, trường học và bệnh viện… tại Việt Nam. Các sản phẩm của công ty gồm: Sản xuất nội thất; vật liệu nội thất hoàn chỉnh, ...",Địa chỉ:,'3702984624,
danh sách các công ty tại khu công nghiệp vsip 1 - bình dương,quathutlytam.net,"Mar 15, 2022 ... Ngành nghề: NỘI THẤT – THẦU THIẾT KẾ & TRANG TRÍ · Địa chỉ: 5 ĐL ĐỘC LẬP KCN VSIP, X.BÌNH HÒA, H.THUẬN AN, BÌNH DƯƠNG · Điện thoại: (650)3782773.",Địa chỉ:,'0975745111,dienhiepphat1@gmail.com
Cháy lớn tại công ty sản xuất đồ nội thất ở Bình Dương,vtv.vn,"Jul 15, 2024 ... Theo thông tin ban đầu, khoảng 13h ngày 15/7, vụ cháy lớn đã xảy ra tại Công ty Trách nhiệm hữu hạn đồ gỗ Ly Long rộng khoảng 9000m2, tại khu ...",,'0243835593,toasoan@vtv.vn
Cháy cơ sở sản xuất nội thất đang bị đình chỉ hoạt động ở Bình ...,tuoitre.vn,"Jan 20, 2025 ... Trưa 20-1, vụ cháy đã xảy ra tại xưởng sản xuất nội thất của Công ty TNHH H.P. 1 tại phường Bình Chuẩn, TP Thuận An, Bình Dương.","Xem địa chỉ, tên gọi tỉnh thành, phường xã mới",'0918033133,tto@tuoitre.com.vn
"Trung Tâm Nội Thất Tân Á, Hệ thống nội thất lớn tại Miền Nam",noithattana.vn,"(Tại ngã ba lớn, đối diện công viên Thủ Dầu Một, gần đại học Bình Dương.) ... CÔNG TY TNHH NỘI THẤT TÂN Á; MST: 0315338427; Do sở KHĐT TP.HCM cấp; Đc: 837 ...","Nội Thất Tân Á là thương hiệu chuyên về các sản phẩm nội thất cho gia đình và văn phòng. Dẫn đầu xu hướng với phong cách đa dạng và nhiều phân khúc giá thành, Tân Á thuộc top những địa chỉ đáng để tìm đến khi muốn mua sắm nội thất.",'7093886838,
Nội Thất Vinh,noithatvinh.com,"Nội Thất Vinh chuyên cung cấp đồ gỗ cao cấp khu vực Bình Dương, Thủ Đức và các khu vực tỉnh thành lân cận.",,'1900888899,dogonoithatvinh1979@gmail.com
Trường Giang JSC: Công Ty Tư Vấn Thiết Kế Xây Dựng Bình Dương,xaydungtruonggiang.vn,Công Ty CP Kiến Trúc Xây Dựng Trường Giang JSC Là Công Ty Nhà Thầu Tư Vấn Thiết Kế Xây Dựng tại Bình Dương Uy Tín Chuyên Nghiệp.,Địa chỉ:,'00093991044,xaydungtruonggiang.jsc@gmail.com
Khóa Học Thiết Kế Nội Thất Tại Bình Dương – Thực Hành Thiết Kế ...,trungtamtinhoc.com.vn,"Jul 3, 2023 ... Có rất nhiều lĩnh vực và ngành nghề mà bạn có thể làm việc, bao gồm các công ty thiết kế nội thất, các công ty xây dựng, các studio thiết kế, và ...",Địa chỉ đào tạo,'0812114345,tinhochuongnghiep@gmail.com
Hiệp hội chế biến gỗ tỉnh Bình Dương (BIFA),www.bifa.vn,Nguyễn Dương Hiệu: Công ty Cổ phần Công nghiệp và Thương mại Lidovit; Phan ... KHÁM PHÁ CHỦNG LOẠI GỖ THẾ HỆ MỚI TRONG NGÀNH NỘI THẤT 09/07/2025. KHÁM ...,,'2025123456,info@bifa.vn
Nhà máy sản xuất nội thất kim loại uy tín Việt Nam - QA Furniture,qa-furniture.com,"Với nhà máy đặt tại tỉnh Bình Dương, các sản phẩm của chúng tôi đã được xuất khẩu đi khắp thế giới. Tại QA FURNITURE, chúng tôi luôn tâm niệm rằng SỰ TẬN TÂM và ...","Company Address: 146A Phan Van Tri, Ward 12, Binh Thanh District, Hochiminh City.",'0901313790,info@qa-furniture.com
Về chúng tôi - TEKCOM Corp,tekcom.vn,"TRỞ THÀNH CÔNG TY DẪN ĐẦU NGÀNH GỖ VÀ CÁC SẢN PHẨM LIÊN QUAN ĐƯỢC ƯA ... Phường Hội Nghĩa, Thành Phố Tân Uyên, Tỉnh Bình Dương, Việt Nam. Nhà Máy ...",,'2005200720,info@tekcom.vn
Đại lý Nội thất Hòa Phát tại Bình Dương,hoaphat.net,"Dec 18, 2014 ... Đại diện nội thất Hòa Phát – đại lý noi that hoa phat tại Bình Dương phân phối toàn bộ sản phẩm nội thất chính hãng từ: bàn ghế, ...",Địa chỉ: Số 16-18 đường Nguyễn Bồ - TP Hà Nội,'0243550588,hoaphat185@gmail.com
Khóa học thiết kế nội thất 3D tại Bình Dương - Trung tâm Tin học ...,daotaobinhduong.com,"Công ty TNHH Lâm Minh Long · Số 555A đại lộ Bình Dương, Phường Hiệp thành, TP. TDM, Bình Dương. (Cạnh BigC Bình Dương) · 0981.550.510 – 0901.550.510 · Email: ...",,'0901550510,
"JAPAN HOME | TOKYU Garden City - BECAMEX TOKYU, Bình dương",tokyugardencity.com,"Tại JAPAN HOME, MUJI cung cấp đa dạng đồ gia dụng và nội thất mang đến ấn ... JAPAN HOME được thiết kế bởi dghome - nền tảng công nghệ hiện đại cung ...",,'9707525669,
NỘI THẤT KIM LOẠI T&L,www.noithatkimloai.com,"CÔNG TY TNHH NỘI THẤT KIM LOẠI T&L được thành lập tại Bình Dương, Việt Nam ...",,,
Nội thất Made4Home- Siêu thị nội ngoại thất Việt.,www.made4home.com.vn,"Nội thất giá tốt Bình Dương, nội thất giá tốt Hồ Chí Minh, phù hợp với nhiều ... Công ty Cổ phần AV CONNECT Việt Nam | Số ĐKKD : 0313650711 - Cấp bởi ...",,'616000000,showroom@made4home.com.vn
3703213568 - CÔNG TY TNHH NỘI THẤT NHẤT GIA NHẤT - Mã số ...,thuvienphapluat.vn,"Thửa 802, Tờ bản đồ số 15, Khu Phố Bà Tri, Phườngtân Hiệp, Thành Phố Tân Uyên, Tỉnh Bình Dương, Việt Nam. Thông tin xuất Hóa đơn CÔNG TY TNHH NỘI THẤT NHẤT ...",Công văn 2376/CT-NVT năm 2025 sử dụng thông tin địa chỉ của doanh nghiệp sau khi thay đổi địa giới hành chính do Cục Thuế ban hành,'3930327909,
"Danh sách cổ phiếu ngành gỗ, nội thất tiềm năng 2025",topi.vn,"Jan 14, 2025 ... CTCP gỗ An Cường (ACG). Công ty Cổ phần Gỗ An Cường, thành lập năm 2006 tại Bình Dương, chuyên sản xuất, chế biến và tạo ra các sản phẩm ...","Địa chỉ liên lạc: Tầng 3, Tháp Văn phòng quốc tế Hòa Bình, 106 Hoàng Quốc Việt, Phường Nghĩa Đô, Thành phố Hà Nội, Việt Nam",'1900636977,
Xây nhà trọn gói tại Bình Dương 2025,maiviet.vn,"Sau đó công ty xây dựng trọn gói sẽ thực hiện toàn bộ các công việc như thiết kế bản vẽ, thi công thô, hoàn thiện và lắp đặt nội thất. Cuối cùng khách hàng chỉ ...",Địa chỉ,'0978626365,kientrucmaiviet@gmail.com
"Cháy lớn tại công ty nội thất ở Tân Uyên, Bình Dương",bnews.vn,"Dec 31, 2022 ... Công an thị xã Tân Uyên (tỉnh Bình Dương) đang khẩn trương điều tra, làm rõ nguyên nhân vụ cháy xảy ra tại Công ty TNHH nội thất Khôi Trí ...",,,
CÔNG TY TNHH TMDV NỘI THẤT TUẤN LINH,noithattuanlinh.vn,"Nội Thất Salon Hair , Nail , Spa Giá Xưởng tốt tại TPHCM , Bình Dương. Thiết kế nội thất salon Nail, Salon Spa, Salon tóc, hair salon đẹp, hiện đại chuyên ...",,'0979131988,noithattuanlinh.tokyo@gmail.com
[Cập nhật 2025] Danh sách các khu công nghiệp ở Bình Dương ...,dulongip.vn,"Apr 21, 2025 ... Công ty TNHH ScanCom Việt Nam là một trong những nhà sản xuất đồ nội thất ngoài trời hàng đầu thế giới, có trụ sở tại Lô 10, Đường số 8, KCN ...",,'8710365238,dulongip@hoangthanh.vn
CÔNG TY VẬT LIỆU TRANG TRÍ XÂY DỰNG BÌNH NAM,noithatsangobinhduong.com,Thi Công Sàn Gỗ ... CÔNG TY TNHH VẬT LIỆU TRANG TRÍ NỘI NGOẠI THẤT XÂY DỰNG BÌNH NAM. ▻ Địa chỉ ...,Địa Chỉ Cung Cấp Sàn Gỗ Tại Bình Dương,'0908358919,
Bình Dương: Sẽ thanh tra toàn diện tại Công ty Hoàng Sinh,tapchibaohiemxahoi.gov.vn,"Oct 29, 2024 ... Như Tạp chí BHXH đã nhiều lần thông tin, Công ty Hoàng Sinh (chuyên sản xuất đồ gỗ nội thất, đóng tại KCN Phú Tân, khu 4, phường Hòa Phú, TP.Thủ ...",,'0903234444,
Sycamore Capitaland | Thông Tin Chính Thức Từ Chủ Đầu Tư,sycamorecapitaland.com,"Jul 11, 2024 ... Thiết kế nội thất: ONG&ONG. Thiết kế cảnh quan: Land Sculptor. Quy ... Sycamore hứa hẹn sẽ trở thành biểu tượng mới tại khu vực Bình Dương ...",Địa chỉ:,'0789355779,sale@sycamorecapitaland.com
Siêu Thị Điện Máy - Nội Thất Thành Lộc 90 Huỳnh Văn Cù | 0274 ...,thanhloc.vn,"CÔNG TY TNHH MTV Siêu Thị Điện Máy - Nội Thất Thành Lộc; CÔNG TY TNHH MTV ... Thủ Dầu Một, Tỉnh Bình Dương (Gần Vòng Xoay Ngã 4 Chợ Cây Dừa) Điện thoại ...","Địa chỉ: 90 Huỳnh Văn Cù, KP6, P. Hiệp Thành, TP. Thủ Dầu Một, Tỉnh Bình Dương",'0934456247,sieuthidienmaynoithatthanhloc@gmail.com
AEROS: CÔNG TY THiẾT KẾ THI CÔNG NỘI THẤT TRỌN GÓI UY TíN,aeros.vn,Hiện tại Aeros có văn phòng và nhà xưởng tại TP.HCM + Hà Nội + Bình Dương + Đồng Nai ...với 200 kỹ thuật viên và 20 kiến trúc sư có kinh nghiệm lâu năm ...,,'0905224888,
"NOITHAT, NỘI THẤT GIÁ RẼ, NHÀ ĐẸP, NỘI THẤT GIÁ XƯỞNG ...",noithatviethao.com.vn,CÔNG TY TNHH THIẾT KẾ XÂY DỰNG & TRANG TRÍ NỘI THẤT VIỆT HÀO. ... CÔNG TRÌNH NỘI THẤT NHÀ Ở BÌNH DƯƠNG. CÔNG TY TNHH THIẾT KẾ XÂY DỰNG & TRANG ...,,,
Top 5 công ty tấm lợp lấy sáng tại Bình Dương uy tín • LEVU Việt Nam,levu.vn,"Jul 12, 2022 ... Công ty quảng cáo & nội thất DOHU. Ngoài các công ty về thương mại thì DOHU là đơn vị dịch vụ gia công mica poly cắt theo yêu cầu chuyên nghiệp ...",Cập nhật địa chỉ bán bình chữa cháy mới sau sát nhập tỉnh,'0898123114,levu.sonbang@gmail.com
Nội thất Thái Bình Dương – Furniture Design Construction,noithatthaibinhduong.vn,tại sao lựa chọn dịch vụ thi công nội thất thái bình dương. chuyên nghiệp. Nội ... CÔNG TY TNHH TM XÂY DỰNG THIẾT KẾ NỘI THẤT THÁI BÌNH DƯƠNG. Địa chỉ nhà ...,Địa chỉ email,'0981252927,noithatthaibinhduong811@gmail.com
Công ty dịch vụ vệ sinh công nghiệp tại Bình Dương Uy Tín,gfcclean.vn,"May 15, 2025 ... Vệ Sinh Nhà ăn Tết: trước khi Tết đến, chúng tôi sẽ lau dọn nhà của bạn, bao gồm làm sạch kính, nhà vệ sinh, sàn nhà, nội thất và tường,… Vệ ...",,'0812345247,info@gfcclean.vn
KHAI TRƯƠNG VĂN PHÒNG ĐẠI DIỆN CHAILEASE BÌNH DƯƠNG ...,www.chailease.com.vn,... tại thị trường Việt Nam. Khu tiếp tân văn phòng Chailease Bình Dương. Nội thất bên trong văn phòng. Công ty cho thuê tài chính Chailease (Chailease) là tổ ...,,'0287301601,service02@chailease.com.vn
Tìm việc Làm Nhân viên thiết kế nội thất Tuyển Dụng 07/2025 ...,careerviet.vn,... việc làm Nhân viên thiết kế nội thất tại Bình Dương. Tìm việc làm ... CÔNG TY NỘI THẤT SUNWOOD · Lương: 10 Tr - 20 Tr VND. Bình Dương. Hạn nộp: 31-08 ...,,,
COME HOME Việt Nam - Cửa hàng nội thất One Stop Shopping đầu ...,comehome.com.vn,Sản phẩm của chúng tôi được sản xuất với công nghệ mới nhất và tiên tiến ... Chúng tôi tự hào cung cấp một loạt các sản phẩm phù hợp với tất cả con bạn ở ...,,,
NAGOPA • CÔNG TY KIẾN TRÚC XÂY DỰNG TẠI BÌNH DƯƠNG,nagopa.com,NAGOPA là công ty tư vấn thiết kế kiến trúc và thi công xây dựng các công trình nhà ở được thành lập và bắt đầu hoạt động vào năm 2018.,Địa chỉ của chúng tôi,'0836198886,hello.nagopa@gmail.com
"Tuyển dụng, tìm việc làm Thiết Kế Nội Thất tại Bình Dương - Tháng ...",www.jobstreet.vn,Nhân Viên Thiết Kế Sản Phẩm Nội Thất (Furniture Designer). Công Ty TNHH Transformer Robotics Pte. Bình Dương. Full time.,Địa chỉ email,'2856288649,
Cháy dữ dội tại công ty nội thất đồ gỗ ở Đồng Nai - Xã hội,znews.vn,"Aug 8, 2024 ... Hiện lực lượng chức năng vẫn đang nỗ lực dập lửa. Công ty keo ở Bình Dương cháy dữ dội Tối 22/5, đại diện lãnh đạo phòng Cảnh ...",,'0931222666,toasoan@znews.vn
Nội Thất Dự Án Nhà Phố Sun Casa Central [2024] TRỌN GÓI,blog.onhome.asia,Công ty Thiết kế Thi công nội thất On Home Asia là đơn vị thiết kế thi công nội thất tại dự án Sun Casa và Sun Casa Central Bình Dương. Trong bài viết này ...,Địa chỉ,'0937767337,oha@onhome.asia
Biển hiệu ở Bình Dương | Biển hiệu Nội Thất Ngọc Dung,quangcaotruongphat.com,"Hộp đèn khung nhôm (29.12.2016) · Decal Quảng cáo khổ lớn - Bv Colombia Hospital - Dĩ an, Bình Dương (03.02.2017) · Biển quảng cáo công ty SCG vina kraft paper - ...",Địa chỉ:,'0394886132,bang.truongphat@gmail.com
"[Bình Dương] TOP 10 công ty Ván ép, Ván MDF ở Bình Dương giá ...",goanthanh.com,"Apr 13, 2023 ... Ván ép được sử dụng phổ biến trong các công trình xây dựng và nội thất nhờ vào tính năng cao, tính thẩm mỹ và giá thành hợp lý. Bình Dương là ...",Tên tài khoản hoặc địa chỉ email,'0906662381,
Bình Dương: Hơn 18 ngàn tỷ đồng đơn hàng xuất khẩu bị hủy chỉ ...,vietstock.vn,"Apr 11, 2025 ... Những ngành hàng chịu ảnh hưởng nặng nhất gồm gỗ nội thất, dệt may, giày dép, thiết bị điện tử và nhựa. Chiều 10/4, tại Trung tâm Hành chính ...",,,
Thiết Kế Nội Thất Văn Phòng Ở Bình Dương - TPHCM - Nội Thất DK ...,dkdecor.vn,"Jan 27, 2024 ... ... Công Văn Phòng Công Ty Nhỏ Đẹp, Chuyên Nghiệp Tại HCM. Đơn vị thiết ... DK Decor là đơn vị thi công nội thất, ngoại thất trọn gói uy tín tại Việt ...",,'0944571555,
Dewoo Group,dewoogroup.com,"May 10, 2025 ... DEWOO GROUP – Tiên phong trong ngành vật liệu nội thất với 3 thương hiệu: Dewoo Door - Cửa gỗ nhựa Composite bền đẹp, ACC Panel - Vật liệu ...",,'213082024,info@dewoogroup.com
Rèm Cửa Bình Dương,manrembinhduong.com,CÔNG TY THIẾT KẾ NỘI THẤT QUỐC ANH. Slide Top. RÈM VĂN PHÒNG BÌNH DƯƠNG.,,'0901699989,manrembinhduong@gmail.com
Nội Thất Hùng Vũ | Nội thất đẹp bình dương,noithathungvu.vn,"Chuyên thi công thiết kế nội thất, giường, bàn, ghế gỗ tại bình dương liên hệ Địa chỉ: 1252 Đường Tân Hiệp 46, Tân Hội, Tân Hiệp, Tân Uyên, Bình Dương.","Địa chỉ: 1252 Đường Tân Hiệp 46, Tân Hội, Tân Hiệp, Tân Uyên, Bình Dương",'0965982788,noithathungvu@gmail.com
Bình Dương: Cháy lớn tại nhà xưởng công ty dệt may ở KCN Mỹ ...,thanhnien.vn,"Jul 11, 2023 ... 142 cán bộ, chiến sĩ cùng 19 xe chữa cháy được huy động để chữa cháy tại một công ty dệt may ở Bình Dương.",,'0906645777,
10 Công ty cung ứng lao động tại Bình Dương nổi tiếng chất lượng ...,binhduongreview.vn,"Nov 22, 2024 ... Tham khảo qua những công ty cung ứng lao động tại Bình Dương đảm bảo uy tín và dịch vụ chuyên nghiệp mà bạn có thể tin tưởng.","Bệnh viện quốc tế Becamex: Địa chỉ, giá dịch vụ, lịch làm việc",'0937671789,binhduongreview.vn@gmail.com
CÔNG TY CỔ PHẦN KỸ NGHỆ GỖ LONG VIỆT,longvietwooden.com,"Aug 3, 2024 ... Công ty Cổ Phần Kỹ Nghệ Gỗ Long Việt (Long Việt Veneer Bình Dương) ... nội thất hàng đầu tại Việt Nam. Xem thêm. THƯƠNG HIỆU TOÀN CẦU. Sản ...",,'3700584807,info@veneerlongviet.com
Hình ảnh diễn tập sự cố cháy nổ ở công ty có 2.700 công nhân ...,baomoi.com,"Dec 19, 2024 ... ... tại công ty chuyên sản xuất, gia công đồ nội thất, ghế sofa... trong khu công nghiệp ở Bình Dương.",,'1289906404,
TRUONG THANH FURNITURE CORPORATION,truongthanh.com,"Tại Bình Dương. Dự án mới nhất. Với kinh nghiệm 30 năm sản xuất và xuất khẩu ... BOHO Decor là công ty thiết kế, thi công với đội ngũ kiến trúc sư và kĩ ...",,'1905001027,ir@truongthanh.com
DỊCH VỤ SỬA CHỮA NHÀ GIÁ RẺ NHẤT Ở HCM,lamthachcaoohcm.com,"Dịch vụ sửa chữa nhà, thạch cao, chống thấm, nhôm kính rẻ nhất ở HCM, Đồng Nai, Bình Dương. Liên hệ 038.848.2881 hoặc 090.126.5793 để được tư vấn.","Hiện tại công try của chúng tôi có địa chỉ tọa lạc tại 91/12 tổ 12, khu phố tân phú 1, phường tân bình, tp. Dĩ an, bình dương.",'0388482881,
Tuyển 76 Thợ Mộc Tại Bình Dương 07/2025,www.vieclamtot.com,"Thợ mộc là công việc kỹ thuật gắn liền với việc gia công, lắp ráp, sửa chữa các sản phẩm từ gỗ như nội thất, cửa, tủ, bàn ghế,... Công việc đòi hỏi sự khéo léo, ...",,'1712271957,
"Công ty sơn Jotun Việt Nam, Nhà máy sản xuất sơn Jotun ở đâu?",jotunmienbac.com.vn,"Khi hoàn thành, đây sẽ là nhà máy thứ 2 của Jotun tại Việt Nam với quy mô gấp 10 lần nhà máy tại tỉnh Bình Dương. ... nội ngoại thất mầu trắng; Jotun ...",,'0988835329,jotunmienbac@gmail.com
Thiết kế nhà ở Bình Dương,kientrucgocviet.com,Thiết kế bản vẽ nội thất . Ưu điểm khi công ty nhận thiết kế : Thiết kế chi tiết có kèm theo 3d nên rất dể hình dung ...,,,
"Danh sách công ty tại Xã An Lập, Huyện Dầu Tiếng, Tỉnh Bình Dương",www.tratencongty.com,"... Bình Dương. CÔNG TY TNHH NỘI THẤT KAI MEI. Mã số thuế: 3702944117 - Đại diện pháp luật: Huỳnh Thị Thu Hương Địa chỉ: Thửa đất số 423, tờ bản đồ số 43, ấp Kiến ...","Địa chỉ: KDC Hòa Bình, Thị trấn Vĩnh Bảo, Huyện Vĩnh Bảo, Hải Phòng",'334071631,
