Username,Profile URL,Following,Followers,Likes,Bio
thanhngan838622,https://www.tiktok.com/@thanhngan838622,58,35.6K,437K,Ở đây có giải pháp giúp chị em luôn xinh đẹp
kimngan.beauty,https://www.tiktok.com/@kimngan.beauty,511,7886,104K,SP REVIEW CÓ TRONG GIỎ HÀNG
kimmei.cosmetics,https://www.tiktok.com/@kimmei.cosmetics,928,5290,102.4K,"🌸 NICK PHỤ @Unbox with Mer🌸 
MUA HÀNG Ở LINK BAI Ô NHA
☎️: 03️⃣6.29️⃣8.5639"
taphoanhabau,https://www.tiktok.com/@taphoanhabau,1022,1027,941,I LOVE TIKTOK
the.gioi.do.tot,https://www.tiktok.com/@the.gioi.do.tot,2675,1780,16.3K,"Đặt uy tín lên hàng đầu
Chất lượng tạo lên thương hiệu"
tiemtaphoacuamita,https://www.tiktok.com/@tiemtaphoacuamita,16,1393,35.5K,"Mình vừa học vừa unbox mọi thứ🌷
 Dùng gì review nấy nha mn😋"
miureview.65,https://www.tiktok.com/@miureview.65,344,605,6696,"Miu đây này mọi người 👀
Ở đây có quá trời đồ làm đẹp nè 🎀"
reviewchamyne,https://www.tiktok.com/@reviewchamyne,948,1347,17.5K,"Đồ mình dùng ở giỏ hàng 
Nhận riviu, free cast

☎️: 0️⃣.9.6.4. 86️⃣.6. 2.9.4️⃣"
tiemheoxinh,https://www.tiktok.com/@tiemheoxinh,53,5997,18.4K,Sản phẩm có sẵn trong giỏ hàng
haithaoshop,https://www.tiktok.com/@haithaoshop,11,5200,17K,Kênh phân phối các sản phẩm Mỹ phẩm tóc nhập khẩu - chính hãng.Liên hệ
tiem_nha_nobit0,https://www.tiktok.com/@tiem_nha_nobit0,7,1063,97,Cảm ơn mọi người ủng hộ em
bethichlamdep0,https://www.tiktok.com/@bethichlamdep0,8,6147,127.4K,Mình nhận review free nhé 🌷
meminvy,https://www.tiktok.com/@meminvy,187,1749,20.9K,"Góc nhỏ của mẹ và bé Min 
 Nick phụ: @Bé Hạ Vy Nè 
✨Daily | Share | Review ✨"
giakun99,https://www.tiktok.com/@giakun99,19,1.9M,92.7M,"CHỈ DÙNG 1 ACC
IG: giakun99
Fb: Gia Hân (Kun)
✉️:nguyengiahan23102000@gmail.com"
dephonmoingay_cosmetics,https://www.tiktok.com/@dephonmoingay_cosmetics,131,1511,27K,Mọi người quan tâm sản phẩm nào thì có thể nhắn tin trực tiếp để được tư vấn ạ
hchcq7,https://www.tiktok.com/@hchcq7,12,2438,14.8K,"Mua Hàng Tại Giỏ🛒🛒🛒🛒
zá?lồ 0️⃣()8️⃣)-3️⃣-(6️⃣!)9️⃣);3️⃣/:2️⃣;(6️⃣)7️⃣(;:"
goclamdep628,https://www.tiktok.com/@goclamdep628,19,3738,48.1K,No bio yet.
dongluyen2222,https://www.tiktok.com/@dongluyen2222,29,293.8K,7.3M,"Ních TikTok Chính ID : phuongngocluyen2x 
LiênHệ Sỉ KemBody Zalo : 0382.07.2222"
tentola_4nh,https://www.tiktok.com/@tentola_4nh,742,3100,100K,Đồ xinh trong giỏ 🛒hàng nhe💐
bu.skincare,https://www.tiktok.com/@bu.skincare,1113,2089,15.7K,"✨ ʀᴇᴠɪᴇᴡ|ʙᴇᴀᴜᴛʏ|ᴍᴀᴋᴇᴜᴘ
💌 trannhinhi2812@gmail.com
IG: bu.skincare.27
Mua🍊ở👇🏻"
tranvukimyenofficial,https://www.tiktok.com/@tranvukimyenofficial,148,412K,11.1M,"Vlog xàm xàm với tui nhoa 💋
Cv : Zalo 035.610.2550"
nhungks266,https://www.tiktok.com/@nhungks266,64,639,2428,"H.THỐNG PHÂN PHỐI MỸ PHẨM TÓC CHÍNH HÃNG
 MUA HÀNG TẠI HÌNH TÚI SÁCH BÊN DƯỚI👇"
phuongthao_3con,https://www.tiktok.com/@phuongthao_3con,1010,3470,30.1K,"Phân phối mỹ phẩm 
Phụ liệu ngành tóc _hàng chất lượng"
niannian_n,https://www.tiktok.com/@niannian_n,41,13.8K,1.3M,"Skincare & beauty 
liên hệ 
📩 niannian.contact@gmail.com"
thaovan.review,https://www.tiktok.com/@thaovan.review,54,52.9K,1.7M,Link sản phẩm ở đây 👇👇👇
yennhicosmectics,https://www.tiktok.com/@yennhicosmectics,14,17K,196.1K,Chuyên sỉ lẻ hàng mỹ phẩm toàn quốc giá rẻ
toladau.iu,https://www.tiktok.com/@toladau.iu,1,135,7698,"Tớ có những món đồ đáng iu muốn chia sẻ ❤️
CÒN VID LÀ CÒN HÀNG Ạ"
riviudoxinh112,https://www.tiktok.com/@riviudoxinh112,119,6750,328.4K,"Review chân thật - MN thắc mắc gì cứ nhắn tớ nhé 💗
Report Video Reup qua 🍊"
thuylinhna97,https://www.tiktok.com/@thuylinhna97,340,1231,8815,"Không ❤️ quá 3 video giúp mình nha
Đồ tui dùng ở đây nha
 👇🏻"
loanlucky068,https://www.tiktok.com/@loanlucky068,368,18.6K,523.5K,No bio yet.
uyn03.daily,https://www.tiktok.com/@uyn03.daily,69,1269,9105,"NHẬN JOB T6 💗 contact
0️⃣3️⃣4️⃣2️⃣ 3️⃣4️⃣4️⃣ 0️⃣0️⃣8️⃣"
comupxgg,https://www.tiktok.com/@comupxgg,73,106.2K,2.4M,"✨ KHÔNG BÁN ACC ✨
NGƯNG NHẬN JOB 
 Contact dưới đây 👇🏻"
muoi.cosmeticnews,https://www.tiktok.com/@muoi.cosmeticnews,92,5648,100K,"🧴 Là con gái phải đẹp nha 👸
Mỹ Phẩm Có Ở Giỏ Hàng Bạn Nhe 👇🛒"
nhuwkhoa,https://www.tiktok.com/@nhuwkhoa,990,2055,3243,"Mê unbox và thích review 🌷
Cố gắng mỗi ngày ❤️"
aura.nguyen,https://www.tiktok.com/@aura.nguyen,423,22K,1.4M,"Xọp pe 🍊: AURA HAIR CARE
Sỉ/lẻ: O.559.33.91.58

Livestream: 12h-14h và 20h-22h"
_doanhaimy,https://www.tiktok.com/@_doanhaimy,46,1.2M,41.9M,"Miss Talent - Top 10 Miss Viet Nam 2020
For work: happime.forwork@gmail.com"
capybara01__,https://www.tiktok.com/@capybara01__,403,1195,11.8K,No bio yet.
embedangiu777,https://www.tiktok.com/@embedangiu777,3,1234,21.7K,I love Tiktok
zoi_review,https://www.tiktok.com/@zoi_review,0,97.1K,2.8M,"Chuyên review các sản phẩm skincare
và tips làm đẹp🌹"
mynamecorry,https://www.tiktok.com/@mynamecorry,104,118.2K,3.6M,"• 𝐢𝐠: 𝐜𝐨𝐫𝐫𝐲.𝐧𝐞𝐞𝐞_ •
Contact: mynamecorry@gmail.com
🌧️🖇️📦"
verdantpark.store,https://www.tiktok.com/@verdantpark.store,2,23.8K,136.8K,Hướng dẫn tạo kiểu tóc đơn giản mà vẫn đỉnh nóc kịch trần ✨🩵
hoahongdo568,https://www.tiktok.com/@hoahongdo568,936,7598,121K,Thời trang làm đẹp
hangcareskinban,https://www.tiktok.com/@hangcareskinban,4,258.9K,10.3M,❤️ Dùng gì review nấy ❤️
_hin.hin,https://www.tiktok.com/@_hin.hin,24,102.2K,3.2M,"Mua hàng ib 
Zalo : 0.9.8.3.7.0.3.0.7.6
Ig : hin20.4"
lapis.sss,https://www.tiktok.com/@lapis.sss,788,1087,10.7K,Chuyên mỹ phẩm - Rv chọn lọc
chauvyhousecosmetics,https://www.tiktok.com/@chauvyhousecosmetics,4,2438,3797,"CHAUVY HOUSE COSMETIC
0931.166.507
0931.166.509
LH:241 BÀ HẠT P4 Q10"
_ngth_hngoc08,https://www.tiktok.com/@_ngth_hngoc08,51,275.7K,11.1M,"job :0971.625.042‼️
ig: _nt.hngoc
fb: Ngth Hngoc
@Nguyễn Thị Hoài Ngọc"
oanhshop191092,https://www.tiktok.com/@oanhshop191092,1557,1272,3695,No bio yet.
memee.249,https://www.tiktok.com/@memee.249,166,9803,340.1K,"Skincare - Beauty 🤍
👇🏻 MỌI SP MÌNH SẼ GẮN Ở BIO KHI KHÔNG CÓ GIỎ HÀNG 🥰"
mun.xinhh.depa,https://www.tiktok.com/@mun.xinhh.depa,242,827.2K,26.2M,"🇻🇳
‼️Ig : emyeu__20_11
@Kít @kittymun3 @ủa? 
Phở bò tui👇👇"
bexuu18,https://www.tiktok.com/@bexuu18,0,6571,79.4K,No bio yet.
gianghair202,https://www.tiktok.com/@gianghair202,96,3495,58.4K,"Review thật-Tóc thật-Hiệu quả thật ✔️
Dưỡng tóc tại nhà cùng Giang😗

⏰ có Live"
highfivebarberming,https://www.tiktok.com/@highfivebarberming,43,86.7K,3.5M,"Kênh chuyên về kiến thức tóc tai và pomade
📮 0888.64.8080"
mien123,https://www.tiktok.com/@mien123,1395,1181,91,có 5 năm kinh nghiệm trong lĩnh vực chăm sóc tóc
xiuu.review,https://www.tiktok.com/@xiuu.review,553,2475,26.5K,"For work 3️⃣3️⃣5️⃣6️⃣8️⃣5️⃣0️⃣6️⃣7️⃣ ✨
Nhận job tháng 5 💓
꒰ᐢ. .ᐢ꒱"
ruoiloveriu,https://www.tiktok.com/@ruoiloveriu,667,54.4K,6.2M,"🇻🇳Ruoi ˚₊‧꒰ა 21 ໒꒱ ‧₊˚🇻🇳
CONTACT FOR WORK👇🏻"
hangngaskin,https://www.tiktok.com/@hangngaskin,32,4411,169.6K,No bio yet.
mocan.99,https://www.tiktok.com/@mocan.99,170,58.8K,99.5K,"Khung giờ Live 
12=>2h
20h => 10h
O'9.3.7.3.7.3.0.0.0"
anhtuandzaiivcl6_,https://www.tiktok.com/@anhtuandzaiivcl6_,159,139.5K,6.4M,"Lhe cviec,qao
zl:0️⃣3️⃣7️⃣7️⃣4️⃣7️⃣0️⃣3️⃣3️⃣7️⃣
ig:ng.atuan_
@tít"
qinpeoo,https://www.tiktok.com/@qinpeoo,57,74.9K,6M,"🦦
ig: qinpeoo"
thd.hau_08,https://www.tiktok.com/@thd.hau_08,61,18.8K,5.4M,"ig :thd.hau_08
Acc phụ tui nha @thd.hau"
phtan2012,https://www.tiktok.com/@phtan2012,0,74,132,"Săn sale các sp Úc tìm tui ở sàn 🍊 ""littlesydneyinhcm"""
myphamlaclac23,https://www.tiktok.com/@myphamlaclac23,53,28.2K,882.3K,Mọi người mua mỹ phẩm chính hãng ở trang trưng bày 👇
tipssxinhxeo,https://www.tiktok.com/@tipssxinhxeo,3,1141,49.1K,"Tips làm đẹp, skincare, đồ xinh 💓"
ocean.ao7,https://www.tiktok.com/@ocean.ao7,23,1076,2081,Sản phẩm làm đẹp trong gian hàng & bio 👇👇👇
kien_thuc_suc_khoe99,https://www.tiktok.com/@kien_thuc_suc_khoe99,82,18.3K,656.1K,Tư vấn sức khỏe-cung cấp kiến thức và sản phẩm sức khỏe
tockepanhalisa,https://www.tiktok.com/@tockepanhalisa,1,1997,9727,No bio yet.
pinkxu08,https://www.tiktok.com/@pinkxu08,0,107.2K,3.4M,"ig: pinkxu00
fb phuong uyen"
hocvan06,https://www.tiktok.com/@hocvan06,2091,1373,2551,shop hocvan
dinggv,https://www.tiktok.com/@dinggv,221,327.2K,12.3M,"LDD Certified Trichologist 🇬🇧
Vấn đề về da đầu/tóc
↪️ig: dinggv"
haanhi.02,https://www.tiktok.com/@haanhi.02,1301,1187,9654,"Unboxing cùng Nhii.🥑
Lhcv-Dép 🩴 : khum.833.374.390"
chacco_daily,https://www.tiktok.com/@chacco_daily,198,9968,192.7K,"Tự học Tiếng Anh từ mất gốc cùng tui ♡
Motivation ✧˖°.
Sản phẩm tui dùng ↓"
ng.tramy_197,https://www.tiktok.com/@ng.tramy_197,106,25.1K,1.2M,"contact for work:☎️ O3️⃣45.4️⃣11.9️⃣59
💌 ngtramy197@gmail.com"
hg.rv,https://www.tiktok.com/@hg.rv,56,23.4K,728.1K,"✨ Unbox | Review | Recommend ✨
🌱 Follow me for more. Thank you! 🌱
K NHẬN JOB"
sara_riviu,https://www.tiktok.com/@sara_riviu,148,1025,814,No bio yet.
vungocanh020197,https://www.tiktok.com/@vungocanh020197,618,4058,43.3K,Sản phẩm chăm sóc tóc k qua trung gian hàng chính hãng
cameii_06,https://www.tiktok.com/@cameii_06,152,34.6K,2.3M,IG: cameii_06
luuvanman1991,https://www.tiktok.com/@luuvanman1991,1527,2187,5378,"Mẫn! xin Chia sẻ,tư vấn,review,sản phẩm hữu ích,lợi ích,đến người sử dụng ạ!"
thaowpt_,https://www.tiktok.com/@thaowpt_,29,103.5K,3.8M,"KHÁCH QUAY CLIP KHUI HÀNG NHÉ
Phở:Thảo Phùng (Haircare with love)"
tron.tron.chan.ngan,https://www.tiktok.com/@tron.tron.chan.ngan,190,9665,188.3K,"Chia sẻ bí kíp về SKINCARE, LÀM ĐẸP & SỨC KHỎE giúp bạn đẹp hơn mỗi ngày ❤️"
lalap1995,https://www.tiktok.com/@lalap1995,98,27.8K,218.3K,"KHÁCH CẦN MUA HÀNG BẤM VÀO 
PHẦN TRƯNG BÀY 👇👇"
seeth.vn,https://www.tiktok.com/@seeth.vn,1,12.8K,5115,"Muốn được nhìn thấy bạn đẹp hơn mỗi ngày 
💋"
imojuli,https://www.tiktok.com/@imojuli,328,12.7K,1.1M,"Beauty reviewer
📩 koanh2707@gmail.com"
thuymycosmetic,https://www.tiktok.com/@thuymycosmetic,28,31.7K,475.9K,No bio yet.
hangtocdai,https://www.tiktok.com/@hangtocdai,459,401.3K,3.8M,"Sỉ số lượng: Lê Thị Mỹ Hằng (Tóc mây)
Dá lù: o boa 6 năm haii o tém nămm tém tém"
qanhcamon.2,https://www.tiktok.com/@qanhcamon.2,22,608.5K,33.3M,"LHCV: nlan8298@gmail.com
@là qanh nữa nè và @Quỳnh Anh nghiêm túc🪴"
tips.skincarekhoahoc,https://www.tiktok.com/@tips.skincarekhoahoc,16,872,3979,"LÀM ĐẸP - SKINCARE
👇🏻"
sapitalsouthside,https://www.tiktok.com/@sapitalsouthside,16,781,11.5K,"Hệ thống phân phối sáp vuốt tóc Sápital 
Cơ sở TP.Hồ Chí Minh"
hoangdunga86,https://www.tiktok.com/@hoangdunga86,95,16.9K,203.5K,CHUYÊN PHỤC HỒI TÓC KHÔ XƠ HƯ TỔN - PHÂN PHỐI SẢN PHẨM A86
tkc_170628,https://www.tiktok.com/@tkc_170628,28,9929,162.3K,No bio yet.
p_shiri,https://www.tiktok.com/@p_shiri,4,1.2M,35.2M,"Tôi k thích mn so sánh. Mong mn biết giới hạn ạ😔
Email: hienna.work@gmail.com"
nariunbox,https://www.tiktok.com/@nariunbox,218,7470,225K,"Unboxing & Review
 ‧₊˚ ☁️⋅♡🪐༘⋆
🍊Videos: nariunbox"
the.beauty.comesic,https://www.tiktok.com/@the.beauty.comesic,1614,507,68,No bio yet.
linreview9,https://www.tiktok.com/@linreview9,79,39.6K,962.9K,"Thứ bạn cần ở giỏ hàng nha🥰 
 👇"
tuonglam.tt,https://www.tiktok.com/@tuonglam.tt,1209,1074,830,"🤩dùng dzì thì quay cái đấy🤩
 mn ủng hộ em ạ(sp trong giỏ đều có het nh)
iuiu💖"
thuyduy12052,https://www.tiktok.com/@thuyduy12052,29,1490,833,No bio yet.
bata_review,https://www.tiktok.com/@bata_review,69,2106,403,UGC tập sự & unbox review | Fw: 03.9 chin22 96.3 tam | IG: @batamu_u
duyenle_2909,https://www.tiktok.com/@duyenle_2909,287,1031,13.7K,"Mua Hàng Lh: Fb - Lê Mỹ Duyên 
 Zalo - 0398558646"
lamtuyet83,https://www.tiktok.com/@lamtuyet83,1356,1874,22.4K,"live từ 21h-23h
BÁN TIẾP THỊ LIÊN KẾT"
diemhuyennnn,https://www.tiktok.com/@diemhuyennnn,20,49.6K,911K,"ig:diem_huyennn
fb: Diễm Huyền"
emthuyriviune,https://www.tiktok.com/@emthuyriviune,359,3963,26.1K,✨ Review & Unbox ✨
ngocbich.32,https://www.tiktok.com/@ngocbich.32,3108,2539,2543,Dép lào : không -8 -sáu - 7 - chín- 3 - không - chín - 4- tám
truong.thi.thuy.trang.86,https://www.tiktok.com/@truong.thi.thuy.trang.86,651,1190,4257,No bio yet.
ginbivietnam9,https://www.tiktok.com/@ginbivietnam9,154,15K,32.3K,“ GINBI - ĐỈNH CAO ĐẲNG CẤP - CHẤT LƯỢNG TUYỆT ĐỐI “
hathi966,https://www.tiktok.com/@hathi966,14,733.9K,25.8M,Vào giỏ hàng bên dưới @🌸🌸 ĐẬU PHỘNG 🫘 MẸ HÀ 🌸🌸 @Ních phụ HÀ THỊ BEAUTY 🥰
mypham.camelia,https://www.tiktok.com/@mypham.camelia,46,36.1K,405.2K,No bio yet.
goccuamiuu,https://www.tiktok.com/@goccuamiuu,557,6970,222.3K,"✨ UNBOXING | REVIEW ✨
🎀 Follow me for more - Love All 💕"
myphamrubi,https://www.tiktok.com/@myphamrubi,589,530,2882,Bấm theo dõi tui nhé !
myphamphuongnghi,https://www.tiktok.com/@myphamphuongnghi,9,10.3K,1896,"NICE là dòng sản phẩm chăm sóc tóc thuộc công ty Phương Nghi 💓💓💓
0909716674"
cochu.123,https://www.tiktok.com/@cochu.123,4058,12.2K,104.2K,M.ua. Hang nt zl 0.3.2.6.0.7.7.6.7.5
gia.sage99,https://www.tiktok.com/@gia.sage99,224,105.9K,6.6M,Những sản phẩm mình sử dụng ở dưới đây nha 👇🏻
salina.tran,https://www.tiktok.com/@salina.tran,97,133.3K,1.5M,"𓍯𓂃Mong mn sẽ yêu thích những món đồ này𓏧♡
🫧Contact for work: 039.550.2577𓇼"
ntt_iuiu,https://www.tiktok.com/@ntt_iuiu,54,111.9K,6.4M,"FORWORK: nguyenthuthuy2008mc@gmail.com 
ins:ntt.208
@Nguyễn Thu Thuỷ"
hoangly0913541513,https://www.tiktok.com/@hoangly0913541513,1355,2927,13.3K,chuyên cung cấp phụ liệu ngành tóc giá sỉ
kamanginao,https://www.tiktok.com/@kamanginao,623,1247,15.6K,"KOC 𓍢ִ໋🌷͙֒ UGC 
𓆝 𓆟 𓆞 𓆝 𓆟
Beauty • Fashion • Lifestyle
@kamtotite"
daubi240224,https://www.tiktok.com/@daubi240224,117,167,26.7K,Thích moclen 🧶🧶🧶
yoneya.beauty,https://www.tiktok.com/@yoneya.beauty,8,4734,139.2K,Mỹ phẩm chăm sóc tóc thuần chay đến từ Nhật Bản 🌸
bbiemlahan,https://www.tiktok.com/@bbiemlahan,1,56K,6M,"IG: _zahan1717
SẢN PHẨM Ở GIỎ HÀNG & LINK BIO"
dieuminhchau11111,https://www.tiktok.com/@dieuminhchau11111,112,1.5M,36.7M,🦚Pháp Phục Diệu Minh Châu🪷SPA 169 Lò Đúc🦚Hotel : 09⬇️11.48.19.96
mg.17thg6,https://www.tiktok.com/@mg.17thg6,85,12K,786.2K,"☃︎
𓆝 𓆟 𓆞 𓆝 𓆟
Contact for work: 0.9.3.9.5.6.3.6.6.0
-ˋˏ✄┈┈┈┈"
_minhcheng261106_,https://www.tiktok.com/@_minhcheng261106_,155,500.7K,43.1M,"ig:imfifteen@imfifteen 
 đồ tui dùng ạ💖"
ngoclink0912,https://www.tiktok.com/@ngoclink0912,49,41.6K,1.3M,"fb: Lê Thị Ngọc Linh (Cáo) ig: ltn_link
 Không Chơi Game❌"
trinhmom95,https://www.tiktok.com/@trinhmom95,143,31.4K,302.9K,"Em chuyên bán hàng tốt, giá rẻ
Mua hàng bấm giỏ hàng phía dưới giúp em 👇"
ngannin,https://www.tiktok.com/@ngannin,7,138K,1.1M,Direct for work 💌
socxinhver1,https://www.tiktok.com/@socxinhver1,24,26.8K,529.4K,"@vk mái ngố 2 
IG: kittypham101"
bungmohocedit,https://www.tiktok.com/@bungmohocedit,1131,1225,10.1K,"🎀 Kênh Unbox 🎀
ZZZép ➡️@ba99-9hai9-8@sáu"
by_lin08,https://www.tiktok.com/@by_lin08,919,1898,27.8K,🌷
trannubaongoc_2608,https://www.tiktok.com/@trannubaongoc_2608,40,20.1K,510.9K,"HÀNG NATURAL-Làm hồng-Triệt lông
Zl: 0928500059. 
Link bio 👇🏻"
princessmonkeyyy,https://www.tiktok.com/@princessmonkeyyy,115,191.5K,7.2M,"@Monkey nè 
Đồ em xài sộp be ở dưới đây ⤵️ và trong giỏ hàng ạ"
phw.shopping,https://www.tiktok.com/@phw.shopping,4400,4023,17.1K,"contac for work 
• ig: phwunbox19 •
✩°｡ ⋆⸜ 🎧✮"
kimnguyenbentre,https://www.tiktok.com/@kimnguyenbentre,4,1.6M,29.9M,"GIẢI QUYẾT KHIẾU NẠI ĐƠN HÀNG 
Z.L:0️⃣9️⃣6️⃣6️⃣7️⃣7️⃣8️⃣1️⃣2️⃣9️⃣❤️"
phuonglyhair,https://www.tiktok.com/@phuonglyhair,112,11.9K,119.8K,"Tư vấn facebook kích mọc tóc: Phương Ly( By Ly Hair Care )
Số zalo: 0359617223"
minhnhatbeauty,https://www.tiktok.com/@minhnhatbeauty,86,6307,85.8K,"Chuyên sỉ-lẻ đồ Make-up, chăm sóc phái nữ Nội địa Trung chính hãng"
ngocquynh.riviu,https://www.tiktok.com/@ngocquynh.riviu,215,1268,17.9K,"✨Riviu những món mình dùng✨
Cảm ơn mn đã ủng hộ 🫶"
phamhuechi.hi,https://www.tiktok.com/@phamhuechi.hi,143,16K,608.7K,"ig:phhc_hi
@Huệ Chi"
phuongthuyle094,https://www.tiktok.com/@phuongthuyle094,685,1037,3285,Nhà có gì cần tìm trong giỏ hàng là có
louisnone,https://www.tiktok.com/@louisnone,13,41K,2.1M,"Nhận Jobs Tháng 6 🙆🏻‍♀️
For work : o3458o5o46 (zl - no call)
Có pass đồ video"
tiemdaugoithaoduocdsuri,https://www.tiktok.com/@tiemdaugoithaoduocdsuri,185,17.5K,237.3K,"Live : 9h30 - 15h - 8h30
Xọp pe 🍊 : D'Suri 
Sỉ/lẻ : O.9.37.31.13.86"
minhminhh.298,https://www.tiktok.com/@minhminhh.298,387,1543,23.3K,"🧸Các món tui dùng có ở giỏ hàng nhé 🛒🛍️

🎀Contact : @763-65-2998🩴✨"
hgiaows,https://www.tiktok.com/@hgiaows,617,961,542,"sản phẩm ở bên dưới giỏ hàng nhé
 👇👇👇
 👇"
drresscode1996,https://www.tiktok.com/@drresscode1996,3072,6758,113.7K,"Bán và cho thuê váy thiết kế , áo dài , váy du lịch 🧳 
Makeup's 👩‍🎨"
baokhahn,https://www.tiktok.com/@baokhahn,74,57.1K,1.1M,ins: baokhah_
nguyeoeq5nd,https://www.tiktok.com/@nguyeoeq5nd,403,1058,4003,No bio yet.
tiemthao66,https://www.tiktok.com/@tiemthao66,55,5172,12.2K,Dùng hàng thật - Chia sẽ thật👇👇👇
yuhtt09,https://www.tiktok.com/@yuhtt09,437,19.1K,786.6K,"Contact for work: 0.3.3.9.4.1.7.5.0.8

🫧₊˚˖𓍢ִ🍰✧˚.🍓⋆. 𐙚 ̊."
mon.n064,https://www.tiktok.com/@mon.n064,407,2175,6124,❤️Cái gì cũng bán ❤️
cherrynguyen954,https://www.tiktok.com/@cherrynguyen954,1213,943,1401,🍒 Mọi thứ bạn cần có trong giỏ hàng🍒
zin_reviu,https://www.tiktok.com/@zin_reviu,1042,3246,71K,"Nhận job tháng 6
────୨ৎ────
📲:033**613*6198
❤️Cảm ơn đã ủng hộ Zin ❤️"
tuevi123123,https://www.tiktok.com/@tuevi123123,77,300.9K,3.9M,❤️DA &TÓC❤️
bundaurivuu,https://www.tiktok.com/@bundaurivuu,338,1855,16.4K,"Unboxing & review 🎀
@₊✩‧₊˚whah౨ৎ˚₊✩‧₊"
myphamhh,https://www.tiktok.com/@myphamhh,3170,1996,3504,"MUA HÀNG TẠI 🛒 GIỎ 
☎️ Z:Á)L(Ồ)0️⃣(8️⃣)(3️⃣)(6️⃣)(9️⃣()3️⃣)(2️⃣)(6️⃣)(7️⃣)5️⃣)"
bunriviu0305,https://www.tiktok.com/@bunriviu0305,318,3341,49.4K,"✨ Unbox & Review ✨
For work : /902-02/8957"
nhikhang9128,https://www.tiktok.com/@nhikhang9128,59,160,915,No bio yet.
utlai.71bentre,https://www.tiktok.com/@utlai.71bentre,41,1072,1082,"Ở đây có bán thứ bạn cần nè 
Bán cả thế giới ạ
Bấm vào giỏ hàng xem nhé"
myphamhoaithu90,https://www.tiktok.com/@myphamhoaithu90,34,1972,432,"Chuyên sỉ - lẻ dầu gội hấp dưỡng 
Sdt:0978110538
Live: 19h _21h"
lin.203,https://www.tiktok.com/@lin.203,854,12.9K,162.5K,"𐙚˙｡ Unboxing/Review 📷 ༘ ⋆｡ 
🎀Dép Lào: 0.8.1.7.4.0.4.5.9.7🎀"
stylewiggaugau,https://www.tiktok.com/@stylewiggaugau,884,8630,282.8K,"Wig maker from Vietnam 🇻🇳
WIG COMMISSION : OPEN!💓🍓
DM on Ig for booking🎀"
junreview2701,https://www.tiktok.com/@junreview2701,1001,1962,9068,"Hay rì viu linh tinh
 🪴IG : tiemnhajun_2hand"
tocgiamysa,https://www.tiktok.com/@tocgiamysa,12,3384,12.7K,Chuyên dòng tóc kẹp 1-3-6-9 phím cao cấp
thucnhi_10,https://www.tiktok.com/@thucnhi_10,156,1784,5186,Mình luôn tìm thấy hạnh phúc trong những điều bình dị.
kientestsanpham,https://www.tiktok.com/@kientestsanpham,2039,2153,31.6K,Mình review những sản phẩm mà mình đang sử dụng thực tế ở nhà trọ
anbeauty_myphamchinhhang,https://www.tiktok.com/@anbeauty_myphamchinhhang,144,595,5255,vui lòng nhấp vào chữ Cửa Hàng bên dưới để xem và mua hàng ạ!
hoangnhienreview,https://www.tiktok.com/@hoangnhienreview,1326,15.4K,20.2K,Liên hệ công việc : nhienhoang.copo@gmail.com
ghan_haybuon,https://www.tiktok.com/@ghan_haybuon,249,56.8K,5.4M,"Work:0️⃣9️⃣1️⃣2️⃣8️⃣4️⃣6️⃣0️⃣0️⃣7️⃣
 Link sản phẩm🛒🛍️
👇🏻👇🏻👇🏻"
qui.nyh,https://www.tiktok.com/@qui.nyh,1574,1520,2707,"🫧Đồ xinh tui dùng ở giỏ hàngg
Hoặc ghé giỏ sàn camm 🛒
👇🏻"
routine_s_vietnam,https://www.tiktok.com/@routine_s_vietnam,700,18.1K,56.6K,"🌾 Nguyên liệu thuần Việt
🪷 Công thức thuần chay
🎋 Làm đẹp bền vững"
makeupchidaukho,https://www.tiktok.com/@makeupchidaukho,70,1071,264,No bio yet.
thimai7204,https://www.tiktok.com/@thimai7204,25,1597,1528,phô lô em nha😍❤️😘
mico.aah,https://www.tiktok.com/@mico.aah,8,173.5K,2.5M,"mico.aah
Ngo My Linh ( @ALL ABOUT HAIR )
@AAH HOUSE @FRIEND OF AAH"
nnt_6597,https://www.tiktok.com/@nnt_6597,38,84.4K,1.3M,FB: Nguyễn Ngọc Tuyền
user65if318xvn,https://www.tiktok.com/@user65if318xvn,9983,50.7K,516K,No bio yet.
._.cuteni,https://www.tiktok.com/@._.cuteni,90,716,692,No bio yet.
anthao.originalvn,https://www.tiktok.com/@anthao.originalvn,1,25K,424.6K,An Thảo Original Việt Nam - Sản phẩm chăm sóc tóc thiên nhiên
ponie9201,https://www.tiktok.com/@ponie9201,469,1335,29.8K,"IG _ponie9201_
Nhận job:0️⃣5️⃣6️⃣5️⃣3️⃣5️⃣3️⃣9️⃣2️⃣8️⃣"
thphuongvo,https://www.tiktok.com/@thphuongvo,68,2.5M,96.4M,"Dr for work: 0364710367(Zalo) 
Bio ở đây nha👇🏻👇🏻👇🏻"
quynhdao1103,https://www.tiktok.com/@quynhdao1103,11,104.5K,4.6M,"Đồ mình mặc bên
 @༄༂Ҩυỳηɦ thứ hai ✮ 
Kẹp tóc và máy uốn trên sàn 🍊 ở đây👇"
nguyenhoanglongtraicung,https://www.tiktok.com/@nguyenhoanglongtraicung,314,25.9K,330.5K,PHỤ KIỆN CẦN THIẾT DÀNH CHO SALON TÓC 💇🏼‍♀️
nhihoang.59,https://www.tiktok.com/@nhihoang.59,92,1411,266.2K,💌: work.nhi59@gmail.com
myphamlehieu,https://www.tiktok.com/@myphamlehieu,1348,2013,9006,"shop chuyên Mỹ phẩm chăm sóc da, làm đẹp"
bararide,https://www.tiktok.com/@bararide,241,16.8K,707.8K,"đồ tui unbox ở giỏ hàng và link nhó
 for work :
•tc.pass
• tachau8@gmail.com"
babecosmetics99,https://www.tiktok.com/@babecosmetics99,4088,32.9K,37.7K,"Tim Chéo Tối Đa 3 Video Thôi Nhé
😊Bão Tim Chúng Ta Cùng Bị Flop Á 🙃🙃"
quyen06.vl,https://www.tiktok.com/@quyen06.vl,2439,12.2K,92.1K,"Add zelo e với cả nhà nha, sỉ mỹ phẩm giá rẻ ạ
http://zalo.me/0702084436"
lacongaiphaidieu,https://www.tiktok.com/@lacongaiphaidieu,21,48.7K,1.3M,"SẢN PHẨM & CÔNG THỨC LÀM ĐẸP - SKINCARE 
👇🏻"
thaothaotocxu,https://www.tiktok.com/@thaothaotocxu,232,1346,61.3K,"""Find joy in the little thing!!
( Review - cover - share my life)"
myphamtoctrongthao,https://www.tiktok.com/@myphamtoctrongthao,756,315,321,No bio yet.
hoa.phuong046,https://www.tiktok.com/@hoa.phuong046,46,47,475,No bio yet.
winnyriviu,https://www.tiktok.com/@winnyriviu,443,1049,2017,"Unbox và review 
🩴 09 6.4 tám 3. 1 2.bảy 4
Cho mình xin 1 follow nha ❤️"
unboxwithhannie,https://www.tiktok.com/@unboxwithhannie,314,3008,33.8K,ওੈ✩‧₊˚
bo.loan.store,https://www.tiktok.com/@bo.loan.store,1586,3098,19.4K,"Thời Trang Nam&Nữ 
👉♥️3 video là đủ ♥️👈
🍀🍀xem ở phần trưng bày💐💐"
seliwangg,https://www.tiktok.com/@seliwangg,37,106K,8.2M,𐙚 i/g: seliwangg
.siudangiu06,https://www.tiktok.com/@.siudangiu06,78,95.5K,2.9M,"Nhận pr job ib : phở bò 
Ig: lna_nah17"
ch.anhreview98,https://www.tiktok.com/@ch.anhreview98,248,4031,52.3K,"Dép lù: không chín 83 không 15 bốn 20
Không ❤️ quá 3 video ạ"
dungiu_24084,https://www.tiktok.com/@dungiu_24084,86,42.3K,493K,Mua hàng tại đây 👇👇👇
hanmei_review13,https://www.tiktok.com/@hanmei_review13,732,1771,6249,"Review & Unboxing
Forwork: hanmeii1399@gmail.com"
woo.ji1,https://www.tiktok.com/@woo.ji1,176,639,2674,No bio yet.
npp_beauty,https://www.tiktok.com/@npp_beauty,27,35,284,Cung cấp sản phẩm làm đẹp trên toàn quốc
www.haorej.com.vn,https://www.tiktok.com/@www.haorej.com.vn,2717,1612,6182,Yêu bóng
biibii2228,https://www.tiktok.com/@biibii2228,28,37,323,Chéo fl nhé
phamthang1980,https://www.tiktok.com/@phamthang1980,6855,5225,11.7K,No bio yet.
kimquyenkq_89,https://www.tiktok.com/@kimquyenkq_89,1534,1214,753,No bio yet.
