Username,Profile URL
thanhngan838622,https://www.tiktok.com/@thanhngan838622
kimngan.beauty,https://www.tiktok.com/@kimngan.beauty
kimmei.cosmetics,https://www.tiktok.com/@kimmei.cosmetics
taphoanhabau,https://www.tiktok.com/@taphoanhabau
the.gioi.do.tot,https://www.tiktok.com/@the.gioi.do.tot
tiemtaphoacuamita,https://www.tiktok.com/@tiemtaphoacuamita
miureview.65,https://www.tiktok.com/@miureview.65
reviewchamyne,https://www.tiktok.com/@reviewchamyne
tiemheoxinh,https://www.tiktok.com/@tiemheoxinh
haithaoshop,https://www.tiktok.com/@haithaoshop
tiem_nha_nobit0,https://www.tiktok.com/@tiem_nha_nobit0
bethichlamdep0,https://www.tiktok.com/@bethichlamdep0
meminvy,https://www.tiktok.com/@meminvy
giakun99,https://www.tiktok.com/@giakun99
dephonmoingay_cosmetics,https://www.tiktok.com/@dephonmoingay_cosmetics
hchcq7,https://www.tiktok.com/@hchcq7
goclamdep628,https://www.tiktok.com/@goclamdep628
dongluyen2222,https://www.tiktok.com/@dongluyen2222
tentola_4nh,https://www.tiktok.com/@tentola_4nh
bu.skincare,https://www.tiktok.com/@bu.skincare
tranvukimyenofficial,https://www.tiktok.com/@tranvukimyenofficial
nhungks266,https://www.tiktok.com/@nhungks266
phuongthao_3con,https://www.tiktok.com/@phuongthao_3con
niannian_n,https://www.tiktok.com/@niannian_n
thaovan.review,https://www.tiktok.com/@thaovan.review
yennhicosmectics,https://www.tiktok.com/@yennhicosmectics
toladau.iu,https://www.tiktok.com/@toladau.iu
riviudoxinh112,https://www.tiktok.com/@riviudoxinh112
thuylinhna97,https://www.tiktok.com/@thuylinhna97
loanlucky068,https://www.tiktok.com/@loanlucky068
uyn03.daily,https://www.tiktok.com/@uyn03.daily
comupxgg,https://www.tiktok.com/@comupxgg
muoi.cosmeticnews,https://www.tiktok.com/@muoi.cosmeticnews
nhuwkhoa,https://www.tiktok.com/@nhuwkhoa
aura.nguyen,https://www.tiktok.com/@aura.nguyen
_doanhaimy,https://www.tiktok.com/@_doanhaimy
capybara01__,https://www.tiktok.com/@capybara01__
embedangiu777,https://www.tiktok.com/@embedangiu777
zoi_review,https://www.tiktok.com/@zoi_review
mynamecorry,https://www.tiktok.com/@mynamecorry
verdantpark.store,https://www.tiktok.com/@verdantpark.store
hoahongdo568,https://www.tiktok.com/@hoahongdo568
hangcareskinban,https://www.tiktok.com/@hangcareskinban
_hin.hin,https://www.tiktok.com/@_hin.hin
lapis.sss,https://www.tiktok.com/@lapis.sss
chauvyhousecosmetics,https://www.tiktok.com/@chauvyhousecosmetics
_ngth_hngoc08,https://www.tiktok.com/@_ngth_hngoc08
oanhshop191092,https://www.tiktok.com/@oanhshop191092
memee.249,https://www.tiktok.com/@memee.249
mun.xinhh.depa,https://www.tiktok.com/@mun.xinhh.depa
bexuu18,https://www.tiktok.com/@bexuu18
gianghair202,https://www.tiktok.com/@gianghair202
highfivebarberming,https://www.tiktok.com/@highfivebarberming
mien123,https://www.tiktok.com/@mien123
xiuu.review,https://www.tiktok.com/@xiuu.review
ruoiloveriu,https://www.tiktok.com/@ruoiloveriu
hangngaskin,https://www.tiktok.com/@hangngaskin
mocan.99,https://www.tiktok.com/@mocan.99
anhtuandzaiivcl6_,https://www.tiktok.com/@anhtuandzaiivcl6_
qinpeoo,https://www.tiktok.com/@qinpeoo
thd.hau_08,https://www.tiktok.com/@thd.hau_08
phtan2012,https://www.tiktok.com/@phtan2012
myphamlaclac23,https://www.tiktok.com/@myphamlaclac23
tipssxinhxeo,https://www.tiktok.com/@tipssxinhxeo
ocean.ao7,https://www.tiktok.com/@ocean.ao7
kien_thuc_suc_khoe99,https://www.tiktok.com/@kien_thuc_suc_khoe99
tockepanhalisa,https://www.tiktok.com/@tockepanhalisa
pinkxu08,https://www.tiktok.com/@pinkxu08
hocvan06,https://www.tiktok.com/@hocvan06
dinggv,https://www.tiktok.com/@dinggv
haanhi.02,https://www.tiktok.com/@haanhi.02
chacco_daily,https://www.tiktok.com/@chacco_daily
ng.tramy_197,https://www.tiktok.com/@ng.tramy_197
hg.rv,https://www.tiktok.com/@hg.rv
sara_riviu,https://www.tiktok.com/@sara_riviu
vungocanh020197,https://www.tiktok.com/@vungocanh020197
cameii_06,https://www.tiktok.com/@cameii_06
luuvanman1991,https://www.tiktok.com/@luuvanman1991
thaowpt_,https://www.tiktok.com/@thaowpt_
tron.tron.chan.ngan,https://www.tiktok.com/@tron.tron.chan.ngan
lalap1995,https://www.tiktok.com/@lalap1995
seeth.vn,https://www.tiktok.com/@seeth.vn
imojuli,https://www.tiktok.com/@imojuli
thuymycosmetic,https://www.tiktok.com/@thuymycosmetic
hangtocdai,https://www.tiktok.com/@hangtocdai
qanhcamon.2,https://www.tiktok.com/@qanhcamon.2
tips.skincarekhoahoc,https://www.tiktok.com/@tips.skincarekhoahoc
sapitalsouthside,https://www.tiktok.com/@sapitalsouthside
hoangdunga86,https://www.tiktok.com/@hoangdunga86
tkc_170628,https://www.tiktok.com/@tkc_170628
p_shiri,https://www.tiktok.com/@p_shiri
nariunbox,https://www.tiktok.com/@nariunbox
the.beauty.comesic,https://www.tiktok.com/@the.beauty.comesic
linreview9,https://www.tiktok.com/@linreview9
tuonglam.tt,https://www.tiktok.com/@tuonglam.tt
thuyduy12052,https://www.tiktok.com/@thuyduy12052
bata_review,https://www.tiktok.com/@bata_review
duyenle_2909,https://www.tiktok.com/@duyenle_2909
lamtuyet83,https://www.tiktok.com/@lamtuyet83
diemhuyennnn,https://www.tiktok.com/@diemhuyennnn
emthuyriviune,https://www.tiktok.com/@emthuyriviune
ngocbich.32,https://www.tiktok.com/@ngocbich.32
truong.thi.thuy.trang.86,https://www.tiktok.com/@truong.thi.thuy.trang.86
ginbivietnam9,https://www.tiktok.com/@ginbivietnam9
hathi966,https://www.tiktok.com/@hathi966
mypham.camelia,https://www.tiktok.com/@mypham.camelia
goccuamiuu,https://www.tiktok.com/@goccuamiuu
myphamrubi,https://www.tiktok.com/@myphamrubi
myphamphuongnghi,https://www.tiktok.com/@myphamphuongnghi
cochu.123,https://www.tiktok.com/@cochu.123
gia.sage99,https://www.tiktok.com/@gia.sage99
salina.tran,https://www.tiktok.com/@salina.tran
ntt_iuiu,https://www.tiktok.com/@ntt_iuiu
hoangly0913541513,https://www.tiktok.com/@hoangly0913541513
kamanginao,https://www.tiktok.com/@kamanginao
daubi240224,https://www.tiktok.com/@daubi240224
yoneya.beauty,https://www.tiktok.com/@yoneya.beauty
bbiemlahan,https://www.tiktok.com/@bbiemlahan
dieuminhchau11111,https://www.tiktok.com/@dieuminhchau11111
mg.17thg6,https://www.tiktok.com/@mg.17thg6
_minhcheng261106_,https://www.tiktok.com/@_minhcheng261106_
ngoclink0912,https://www.tiktok.com/@ngoclink0912
trinhmom95,https://www.tiktok.com/@trinhmom95
ngannin,https://www.tiktok.com/@ngannin
socxinhver1,https://www.tiktok.com/@socxinhver1
bungmohocedit,https://www.tiktok.com/@bungmohocedit
by_lin08,https://www.tiktok.com/@by_lin08
trannubaongoc_2608,https://www.tiktok.com/@trannubaongoc_2608
princessmonkeyyy,https://www.tiktok.com/@princessmonkeyyy
phw.shopping,https://www.tiktok.com/@phw.shopping
kimnguyenbentre,https://www.tiktok.com/@kimnguyenbentre
phuonglyhair,https://www.tiktok.com/@phuonglyhair
minhnhatbeauty,https://www.tiktok.com/@minhnhatbeauty
ngocquynh.riviu,https://www.tiktok.com/@ngocquynh.riviu
phamhuechi.hi,https://www.tiktok.com/@phamhuechi.hi
phuongthuyle094,https://www.tiktok.com/@phuongthuyle094
louisnone,https://www.tiktok.com/@louisnone
tiemdaugoithaoduocdsuri,https://www.tiktok.com/@tiemdaugoithaoduocdsuri
minhminhh.298,https://www.tiktok.com/@minhminhh.298
hgiaows,https://www.tiktok.com/@hgiaows
drresscode1996,https://www.tiktok.com/@drresscode1996
baokhahn,https://www.tiktok.com/@baokhahn
nguyeoeq5nd,https://www.tiktok.com/@nguyeoeq5nd
tiemthao66,https://www.tiktok.com/@tiemthao66
yuhtt09,https://www.tiktok.com/@yuhtt09
mon.n064,https://www.tiktok.com/@mon.n064
cherrynguyen954,https://www.tiktok.com/@cherrynguyen954
zin_reviu,https://www.tiktok.com/@zin_reviu
tuevi123123,https://www.tiktok.com/@tuevi123123
bundaurivuu,https://www.tiktok.com/@bundaurivuu
myphamhh,https://www.tiktok.com/@myphamhh
bunriviu0305,https://www.tiktok.com/@bunriviu0305
nhikhang9128,https://www.tiktok.com/@nhikhang9128
utlai.71bentre,https://www.tiktok.com/@utlai.71bentre
myphamhoaithu90,https://www.tiktok.com/@myphamhoaithu90
lin.203,https://www.tiktok.com/@lin.203
stylewiggaugau,https://www.tiktok.com/@stylewiggaugau
junreview2701,https://www.tiktok.com/@junreview2701
tocgiamysa,https://www.tiktok.com/@tocgiamysa
thucnhi_10,https://www.tiktok.com/@thucnhi_10
kientestsanpham,https://www.tiktok.com/@kientestsanpham
anbeauty_myphamchinhhang,https://www.tiktok.com/@anbeauty_myphamchinhhang
hoangnhienreview,https://www.tiktok.com/@hoangnhienreview
ghan_haybuon,https://www.tiktok.com/@ghan_haybuon
qui.nyh,https://www.tiktok.com/@qui.nyh
routine_s_vietnam,https://www.tiktok.com/@routine_s_vietnam
makeupchidaukho,https://www.tiktok.com/@makeupchidaukho
thimai7204,https://www.tiktok.com/@thimai7204
mico.aah,https://www.tiktok.com/@mico.aah
nnt_6597,https://www.tiktok.com/@nnt_6597
user65if318xvn,https://www.tiktok.com/@user65if318xvn
._.cuteni,https://www.tiktok.com/@._.cuteni
anthao.originalvn,https://www.tiktok.com/@anthao.originalvn
ponie9201,https://www.tiktok.com/@ponie9201
thphuongvo,https://www.tiktok.com/@thphuongvo
quynhdao1103,https://www.tiktok.com/@quynhdao1103
nguyenhoanglongtraicung,https://www.tiktok.com/@nguyenhoanglongtraicung
nhihoang.59,https://www.tiktok.com/@nhihoang.59
myphamlehieu,https://www.tiktok.com/@myphamlehieu
bararide,https://www.tiktok.com/@bararide
babecosmetics99,https://www.tiktok.com/@babecosmetics99
quyen06.vl,https://www.tiktok.com/@quyen06.vl
lacongaiphaidieu,https://www.tiktok.com/@lacongaiphaidieu
thaothaotocxu,https://www.tiktok.com/@thaothaotocxu
myphamtoctrongthao,https://www.tiktok.com/@myphamtoctrongthao
hoa.phuong046,https://www.tiktok.com/@hoa.phuong046
winnyriviu,https://www.tiktok.com/@winnyriviu
unboxwithhannie,https://www.tiktok.com/@unboxwithhannie
bo.loan.store,https://www.tiktok.com/@bo.loan.store
seliwangg,https://www.tiktok.com/@seliwangg
.siudangiu06,https://www.tiktok.com/@.siudangiu06
ch.anhreview98,https://www.tiktok.com/@ch.anhreview98
dungiu_24084,https://www.tiktok.com/@dungiu_24084
hanmei_review13,https://www.tiktok.com/@hanmei_review13
woo.ji1,https://www.tiktok.com/@woo.ji1
npp_beauty,https://www.tiktok.com/@npp_beauty
www.haorej.com.vn,https://www.tiktok.com/@www.haorej.com.vn
biibii2228,https://www.tiktok.com/@biibii2228
phamthang1980,https://www.tiktok.com/@phamthang1980
kimquyenkq_89,https://www.tiktok.com/@kimquyenkq_89
